;;;;;
Label;Wallet;;;;
Ansem;AVAZvHLR2PcWpDf8BXY4rVxNHYRBytycHkcB5z5QNXYm;;;;
ShockedJS;DNfuF1L62WWyW3pNakVkyGGFzVVhj4Yr52jSmdTyeBHm;;;;
traderpow;8zFZHuSRuDpuAR7J6FzwyF3vKNx4CVW3DFHJerQhc7Zd;;;;
CookerFlips;8deJ9xeUvXSJwicYptA9mHsU2rN2pDx37KWzkDkEXhU6;;;;
Gake;DNfuF1L62WWyW3pNakVkyGGFzVVhj4Yr52jSmdTyeBHm;;;;
Cupsey;2fg5QD1eD7rzNNCsvnhmXFm5hqNgwTTG8p7kQ6f3rx6f;;;;
staqi;3rSZJHysEk2ueFVovRLtZ8LGnQBMZGg96H2Q4jErspAF;;;;
FlippingProfits;G5nxEXuFMfV74DSnsrSatqCW32F34XUnBeq3PfDS7w5E;;;;
gorillacapsol;DpNVrtA3ERfKzX4F8Pi2CVykdJJjoNxyY5QgoytAwD26;;;;
RowdyCrypto;DKgvpfttzmJqZXdavDwTxwSVkajibjzJnN2FA99dyciK;;;;
0xIT4I;HdxkiXqeN6qpK2YbG51W23QSWj3Yygc1eEk2zwmKJExp;;;;
Marcell;8RfH3LUSed9xM5bh7txdWKZFNbYGB8AeLCaeZjC9kN1o;;;;
ohbrox;7VBTpiiEjkwRbRGHJFUz6o5fWuhPFtAmy8JGhNqwHNnn;;;;
404flipped;AbcX4XBm7DJ3i9p29i6sU8WLmiW4FWY5tiwB9D6UBbcE;;;;
ratwizardx;JDd3hy3gQn2V982mi1zqhNqUw1GfV2UL6g76STojCJPN;;;;
fomomofosol;63f8gYXqieUeBiXFmG3gn5HsBYwYoE23FcWbMTmoV2gJ;;;;
a1lon9;9gKCFGV4UyX9T2zmEFf3FgB1DF6CJikNUSBEVJkzddZx;;;;
Based16z;8yJFWmVTQq69p6VJxGwpzW7ii7c5J9GRAtHCNMMQPydj;;;;
Runitbackghost;ApRnQN2HkbCn7W2WWiT2FEKvuKJp9LugRyAE1a9Hdz1;;;;
Orangie;26kZ9rg8Y5pd4j1tdT4cbT8BQRu5uDbXkaVs3L5QasHy;;;;
EarlTrades;F2SuErm4MviWJ2HzKXk2nuzBC6xe883CFWUDCPz6cyWm;;;;
Waddles;73LnJ7G9ffBDjEBGgJDdgvLUhD5APLonKrNiHsKDCw5B;;;;
stoolpresidente;5rkPDK4JnVAumgzeV2Zu8vjggMTtHdDtrsd5o9dhGZHD;;;;
Banks;CkxVhktjqYuhsVfNQzqEZkwQ2gMU1wEFPM3FSSVXGjM9;;;;
frankdegods;CRVidEDtEUTYZisCxBZkpELzhQc9eauMLR3FWg74tReL;;;;
Cobie;HaZtFxgw99iM97LxmwFuDW6k4MP1XwsWTGoy7GUoSELj;;;;
KenzoSOL_;ECCKBDWX3MkEcf3bULbLBb9FvrEQLsmPMFTKFpvjzqgP;;;;
Grandfnf;3tc4BVAdzjr1JpeZu6NAjLHyp4kK3iic7TexMBYGJ4Xk;;;;
Cobratate;4jRX4iW2F5wBnfYMyB7RjS2PU5MjXrST3fB9DoV4BjHa;;;;
Idrawline;4Be9CvxqHW6BYiRAxW9Q3xu1ycTMWaL5z8NX4HR3ha7t;;;;
fxckbobby;6AQCwV2BcrgGALH3Kj1wndCs6YgKqgvawamDJG5YywPj;;;;
0GAntD;215nhcAHjQQGgwpQSJQ7zR26etbjjtVdW74NLzwEgQjP;;;;
TheMisterFrog;4DdrfiDHpmx55i4SPssxVzS9ZaKLb8qr45NKY9Er9nNh;;;;
polarsterrr;4S9U8HckRngscHWrW418cG6Suw62dhEZzmyrT2hxSye5;;;;
polarsterrr;GTvBQnRvAPweU2qmYg8MDLND2PAAyYFKe35aKQGMRDaL;;;;
theunipcs;5M8ACGKEXG1ojKDTMH3sMqhTihTgHYMSsZc6W8i7QW3Y;;;;
KayTheDoc;DYAn4XpAkN5mhiXkRB7dGq4Jadnx6XYgu8L5b3WGhbrt;;;;
Assasin;6LChaYRYtEYjLEHhzo4HdEmgNwu2aia8CM8VhR9wn6n7;;;;
Spuno;GfXQesPe3Zuwg8JhAt6Cg8euJDTVx751enp9EQQmhzPH;;;;
justinsuntron;HUpPyLU8KWisCAr3mzWy2FKT6uuxQ2qGgJQxyTpDoes5;;;;
KillzSol;HrTZPWV4ZPebBiwyzoTBajCD49kQqVwf4dwsLuYG8CXX;;;;
Good Trader;RFSqPtn1JfavGiUD4HJsZyYXvZsycxf31hnYfbyG6iB;;;;
Latuche;GJA1HEbxGnqBhBifH9uQauzXSB53to5rhDrzmKxhSU65;;;;
LilMoonLambo;GJyhzLoZAxZHZGPvF3V1wsyGUnoGSQ55n6hN6nHv7W8B;;;;
kreo444;BCnqsPEtA1TkgednYEebRpkmwFRJDCjMQcKZMMtEdArc;;;;
Lexapro;8yJFWmVTQq69p6VJxGwpzW7ii7c5J9GRAtHCNMMQPydj;;;;
alohquant;xXpRSpAe1ajq4tJP78tS3X1AqNwJVQ4Vvb1Swg4hHQh;;;;
clukzSOL;G6fUXjMKPJzCY1rveAE6Qm7wy5U3vZgKDJmN1VPAdiZC;;;;
cladzsol;EaVboaPxFCYanjoNWdkxTbPvt57nhXGu5i6m9m6ZS2kK;;;;
vibed333;BCagckXeMChUKrHEd6fKFA1uiWDtcmCXMsqaheLiUPJd;;;;
bandeeeez;5B79fMkcFeRTiwm7ehsZsFiKsC7m7n1Bgv9yLxPp9q2X;;;;
awkchan45;3LYtEmYerFPeXgu1c9Y4553oMk2qVdcxiwWzDjzMkwPx;;;;
Yennii56;5B52w1ZW9tuwUduueP5J7HXz5AcGfruGoX6YoAudvyxG;;;;
tilcrypto;EHg5YkU2SZBTvuT87rUsvxArGp3HLeye1fXaSDfuMyaf;;;;
ohzarke;DZAa55HwXgv5hStwaTEJGXZz1DhHejvpb7Yr762urXam;;;;
ohbrox;7VBTpiiEjkwRbRGHJFUz6o5fWuhPFtAmy8JGhNqwHNnn;;;;
treysocial;831yhv67QpKqLBJjbmw2xoDUeeFHGUx8RnuRj9imeoEs;;;;
qtdegen;7tiRXPM4wwBMRMYzmywRAE6jveS3gDbNyxgRrEoU6RLA;;;;
bigbagsbobby;8oQoMhfBQnRspn7QtNAq2aPThRE4q94kLSTwaaFQvRgs;;;;
dustxbt;FzVQSzj8JJr6WMGqbUHzx2XH1KkrfxRrRPv6WcbbZmND;;;;
100xDan;qNGhUruCGJpXJdsnV74USHErcbm3CrXRsnP8D6Z34Hh;;;;
0xGroovy;34ZEH778zL8ctkLwxxERLX5ZnUu6MuFyX9CWrs8kucMw;;;;
xelf_sol;9Vk7pkBZ9KFJmzaPzNYjGedyz8qoKMQtnYyYi2AehNMT;;;;
henn100x;FRbUNvGxYNC1eFngpn7AD3f14aKKTJVC6zSMtvj2dyCS;;;;
Chefin100x;6Qs6joB349h7zu1z9xRgPgMSmpBYLDQb2wtAecY4LysH;;;;
cryptolyxe;HLv6yCEpgjQV9PcKsvJpem8ESyULTyh9HjHn9CtqSek1;;;;
untaxxable;2T5NgDDidkvhJQg8AHDi74uCFwgp25pYFMRZXBaCUNBH;;;;
daumeneth;8MaVa9kdt3NW4Q5HyNAm1X5LbR8PQRVDc1W8NMVK88D5;;;;
dingalingts;9X5n5i1mugTjgGPhqf1KJDt8r4kD8TF3s62ttbxKzFHa;;;;
BitBoyJay;HwRnKq7RPtKHvX9wyHsc1zvfHtGjPQa5tyZtGtbvfXE;;;;
deanbulla;J6p2MS1gjygk9Hod8vKUEfcuWqMwfAwqFJyJX7UC8p6b;;;;
TeTheGamer;8RrMaJXYwANd4zEskfPQuSYE35dTzaYtuwyKz3ewcZQx;;;;
ChartFuMonkey;7i7vHEv87bs135DuoJVKe9c7abentawA5ydfWcWc8iY2;;;;
176Dan;J2B5fnm2DAAUAGa4EaegwQFoYaN6B5FerGA5sjtQoaGM;;;;
0xpeely;BaLxyjXzATAnfm7cc5AFhWBpiwnsb71THcnofDLTWAPK;;;;
theunipcs;5M8ACGKEXG1ojKDTMH3sMqhTihTgHYMSsZc6W8i7QW3Y;;;;
xandereef;B3wagQZiZU2hKa5pUCj6rrdhWsX3Q6WfTTnki9PjwzMh;;;;
Euris_JT;DfMxre4cKmvogbLrPigxmibVTTQDuzjdXojWzjCXXhzj;;;;
NokiTheTrader;Cogv5PSB1sPp5j9zxm73kd7RJsEo2Hf3e1TfUmXCfXku;;;;
jijo_exe;4BdKaxN8G6ka4GYtQQWk4G4dZRUTX2vQH9GcXdBREFUk;;;;
kadenox;3pZ59YENxDAcjaKa3sahZJBcgER4rGYi4v6BpPurmsGj;;;;
Heyitsyolotv;Av3xWHJ5EsoLZag6pr7LKbrGgLRTaykXomDD5kBhL9YQ;;;;
SloppyStreamz;86AEJExyjeNNgcp7GrAvCXTDicf5aGWgoERbXFiG1EdD;;;;
Quanterty;DGPYpCdiVg2shab2TnNiZ2RnsjBQSmhgN71hJyWC5cYn;;;;
0xRamonos;Ed5bfSHERfboAdZGbuZkwybNQWtCnrRzZBS99NrdnWb4;;;;
moneymaykah_;2CXbN6nuTTb4vCrtYM89SfQHMMKGPAW4mvFe6Ht4Yo6z;;;;
insentos;7SDs3PjT2mswKQ7Zo4FTucn9gJdtuW4jaacPA65BseHS;;;;
OrangeSBS;96sErVjEN7LNJ6Uvj63bdRWZxNuBngj56fnT9biHLKBf;;;;
0xSevere;9FNz4MjPUmnJqTf6yEDbL1D4SsHVh7uA8zRHhR5K138r;;;;
ratwizardx;JDd3hy3gQn2V982mi1zqhNqUw1GfV2UL6g76STojCJPN;;;;
AroaOnSol;BkLsbxUeUEP3Yytdt2m84BzSKMnex9qn5HtERmYWqv8Q;;;;
RipJalens;F72vY99ihQsYwqEDCfz7igKXA5me6vN2zqVsVUTpw6qL;;;;
Kevsznx;BTf4A2exGK9BCVDNzy65b9dUzXgMqB4weVkvTMFQsadd;;;;
casino616;8rvAsDKeAcEjEkiZMug9k8v1y8mW6gQQiMobd89Uy7qR;;;;
gr3gor14n;J23qr98GjGJJqKq9CBEnyRhHbmkaVxtTJNNxKu597wsA;;;;
BastilleBtc;3kebnKw7cPdSkLRfiMEALyZJGZ4wdiSRvmoN4rD1yPzV;;;;
ferbsol;m7Kaas3Kd8FHLnCioSjCoSuVDReZ6FDNBVM6HTNYuF7;;;;
rektober;HCQb4Qrtk4qCfChDH8XvM5onymmCSmRj9bddV6QCPdRe;;;;
ihateoop;BtMBMPkoNbnLF9Xn552guQq528KKXcsNBNNBre3oaQtr;;;;
jidn_w;3h65MmPZksoKKyEpEjnWU2Yk2iYT5oZDNitGy5cTaxoE;;;;
NachSOL;9jyqFiLnruggwNn4EQwBNFXwpbLM9hrA4hV59ytyAVVz;;;;
risk100x;BHREKFkPQgAtDs8Vb1UfLkUpjG6ScidTjHaCWFuG2AtX;;;;
slingoor;6mWEJG9LoRdto8TwTdZxmnJpkXpTsEerizcGiCNZvzXd;;;;
Cented;CyaE1VxvBrahnPWkqm5VsdCvyS2QmNht2UFrKJHga54o;;;;
lucas;FkzekjMLgbXC8NuSQQ2u53rmdh3jhfAZr2psDouDYvfR;;;;
rambo;2net6etAtTe3Rbq2gKECmQwnzcKVXRaLcHy2Zy1iCiWz;;;;
Yenni;5B52w1ZW9tuwUduueP5J7HXz5AcGfruGoX6YoAudvyxG;;;;
jazz;3wDWKhxmvHaMwk2vc3aTgeY5oTqUnGhuDJgJfC9uyRKg;;;;
cuh;EPkDZwdRNu1sFQ2MKN7Rh31LvvzHiUTTADcG7oUehjWy;;;;
Keano;Ez2jp3rwXUbaTx7XwiHGaWVgTPFdzJoSg8TopqbxfaJN;;;;
Scharo;4sAUSQFdvWRBxR8UoLBYbw8CcXuwXWxnN8pXa4mtm5nU;;;;
Dior;87rRdssFiTJKY4MGARa4G5vQ31hmR7MxSmhzeaJ5AAxJ;;;;
s1mple;AeLaMjzxErZt4drbWVWvcxpVyo8p94xu5vrg41eZPFe3;;;;
Sheep;78N177fzNJpp8pG49xDv1efYcTMSzo9tPTKEA9mAVkh2;;;;
Letterbomb;BtMBMPkoNbnLF9Xn552guQq528KKXcsNBNNBre3oaQtr;;;;
Ethan Prosper;sAdNbe1cKNMDqDsa4npB3TfL62T14uAo2MsUQfLvzLT;;;;
neko;7EQjTHVNHunhQHT7iRQDCR99mjDm2GvHyGKHVGzX8jv2;;;;
Chester;PMJA8UQDyWTFw2Smhyp9jGA6aTaP7jKHR7BPudrgyYN;;;;
S;ApRnQN2HkbCn7W2WWiT2FEKvuKJp9LugRyAE1a9Hdz1;;;;
Kadenox;B32QbbdDAyhvUQzjcaM5j6ZVKwjCxAwGH5Xgvb9SJqnC;;;;
7;FTg1gqW7vPm4kdU1LPM7JJnizbgPdRDy2PitKw6mY27j;;;;
Coler;99xnE2zEFi8YhmKDaikc1EvH6ELTQJppnqUwMzmpLXrs;;;;
West;JDd3hy3gQn2V982mi1zqhNqUw1GfV2UL6g76STojCJPN;;;;
iconXBT;2FbbtmK9MN3Zxkz3AnqoAGnRQNy2SVRaAazq2sFSbftM;;;;
LUKEY;DjM7Tu7whh6P3pGVBfDzwXAx2zaw51GJWrJE3PwtuN7s;;;;
cryptovillain26;5sNnKuWKUtZkdC1eFNyqz3XHpNoCRQ1D1DfHcNHMV7gn;;;;
Smokez;5t9xBNuDdGTGpjaPTx6hKd7sdRJbvtKS8Mhq6qVbo8Qz;;;;
EustazZ;FqamE7xrahg7FEWoByrx1o8SeyHt44rpmE6ZQfT7zrve;;;;
DJ.Î£n;Cxe1d5zFifK4a4UZoHQaCK7sfqd84XjcKy1qtjnz3bge;;;;
Giann;GNrmKZCxYyNiSUsjduwwPJzhed3LATjciiKVuSGrsHEC;;;;
Exotic;Dwo2kj88YYhwcFJiybTjXezR9a6QjkMASz5xXD7kujXC;;;;
Putrick;AVjEtg2ECYKXYeqdRQXvaaAZBjfTjYuSMTR4WLhKoeQN;;;;
Ramset;71PCu3E4JP5RDBoY6wJteqzxkKNXLyE1byg5BTAL9UtQ;;;;
Zil;FSAmbD6jm6SZZQadSJeC1paX3oTtAiY9hTx1UYzVoXqj;;;;
Bandit;5B79fMkcFeRTiwm7ehsZsFiKsC7m7n1Bgv9yLxPp9q2X;;;;
radiance;FAicXNV5FVqtfbpn4Zccs71XcfGeyxBSGbqLDyDJZjke;;;;
jester;Av3xWHJ5EsoLZag6pr7LKbrGgLRTaykXomDD5kBhL9YQ;;;;
OGAntD;215nhcAHjQQGgwpQSJQ7zR26etbjjtVdW74NLzwEgQjP;;;;