Label;Wallet;Twitter
Cooker;8deJ9xeUvXSJwicYptA9mHsU2rN2pDx37KWzkDkEXhU6;https://x.com/CookerFlips
Cupsey;2fg5QD1eD7rzNNCsvnhmXFm5hqNgwTTG8p7kQ6f3rx6f;https://x.com/Cupseyy
Marcell;ATFRUwvyMh61w2Ab6AZxUyxsAfiiuG1RqL6iv3Vi9q2B;https://x.com/MarcellxMarcell
West;JDd3hy3gQn2V982mi1zqhNqUw1GfV2UL6g76STojCJPN;https://x.com/ratwizardx
Grandfnf;3tc4BVAdzjr1JpeZu6NAjLHyp4kK3iic7TexMBYGJ4Xk
Mitch;4Be9CvxqHW6BYiRAxW9Q3xu1ycTMWaL5z8NX4HR3ha7t;https://x.com/idrawline
0GAntD;215nhcAHjQQGgwpQSJQ7zR26etbjjtVdW74NLzwEgQjP;https://x.com/0GAntD
TheMisterFrog;4DdrfiDHpmx55i4SPssxVzS9ZaKLb8qr45NKY9Er9nNh;https://x.com/TheMisterFrog
Assasin;6LChaYRYtEYjLEHhzo4HdEmgNwu2aia8CM8VhR9wn6n7;https://x.com/assasin_eth
Spuno;GfXQesPe3Zuwg8JhAt6Cg8euJDTVx751enp9EQQmhzPH;https://x.com/spunosounds
Good Trader;RFSqPtn1JfavGiUD4HJsZyYXvZsycxf31hnYfbyG6iB
Latuche;GJA1HEbxGnqBhBifH9uQauzXSB53to5rhDrzmKxhSU65;https://x.com/Latuche95
clukzSOL;G6fUXjMKPJzCY1rveAE6Qm7wy5U3vZgKDJmN1VPAdiZC;https://x.com/clukzSOL
dv;BCagckXeMChUKrHEd6fKFA1uiWDtcmCXMsqaheLiUPJd;https://x.com/vibed333
bandit;5B79fMkcFeRTiwm7ehsZsFiKsC7m7n1Bgv9yLxPp9q2X;https://x.com/bandeez
awkchan45;3LYtEmYerFPeXgu1c9Y4553oMk2qVdcxiwWzDjzMkwPx;https://x.com/awkchan45
big bags bobby;8oQoMhfBQnRspn7QtNAq2aPThRE4q94kLSTwaaFQvRgs;https://x.com/bigbagsbobby
Groovy;34ZEH778zL8ctkLwxxERLX5ZnUu6MuFyX9CWrs8kucMw;https://x.com/0xGroovy
Idontpaytaxes;2T5NgDDidkvhJQg8AHDi74uCFwgp25pYFMRZXBaCUNBH;https://x.com/untaxxable
Daumen;8MaVa9kdt3NW4Q5HyNAm1X5LbR8PQRVDc1W8NMVK88D5;https://x.com/daumenxyz
Euris;DfMxre4cKmvogbLrPigxmibVTTQDuzjdXojWzjCXXhzj;https://x.com/Euris_JT
Jijo;4BdKaxN8G6ka4GYtQQWk4G4dZRUTX2vQH9GcXdBREFUk;https://x.com/jijo_exe
Danny;9FNz4MjPUmnJqTf6yEDbL1D4SsHVh7uA8zRHhR5K138r;https://x.com/0xSevere
Kev;BTf4A2exGK9BCVDNzy65b9dUzXgMqB4weVkvTMFQsadd;https://x.com/Kevsznx
Casino;8rvAsDKeAcEjEkiZMug9k8v1y8mW6gQQiMobd89Uy7qR;https://x.com/casino616
Bastille;3kebnKw7cPdSkLRfiMEALyZJGZ4wdiSRvmoN4rD1yPzV;https://x.com/BastilleBtc
Letterbomb;BtMBMPkoNbnLF9Xn552guQq528KKXcsNBNNBre3oaQtr;https://x.com/ihateoop
slingoor;6mWEJG9LoRdto8TwTdZxmnJpkXpTsEerizcGiCNZvzXd;https://x.com/slingoorio
Cented;CyaE1VxvBrahnPWkqm5VsdCvyS2QmNht2UFrKJHga54o;https://x.com/Cented7
Keano;Ez2jp3rwXUbaTx7XwiHGaWVgTPFdzJoSg8TopqbxfaJN;https://x.com/nftkeano
Scharo;4sAUSQFdvWRBxR8UoLBYbw8CcXuwXWxnN8pXa4mtm5nU;https://x.com/XScharo
Dior;87rRdssFiTJKY4MGARa4G5vQ31hmR7MxSmhzeaJ5AAxJ;https://x.com/Dior100x
Sheep;78N177fzNJpp8pG49xDv1efYcTMSzo9tPTKEA9mAVkh2;https://x.com/imsheepsol
Ethan Prosper;sAdNbe1cKNMDqDsa4npB3TfL62T14uAo2MsUQfLvzLT;https://x.com/pr6spr
Chester;PMJA8UQDyWTFw2Smhyp9jGA6aTaP7jKHR7BPudrgyYN;https://x.com/Chestererer
Kadenox;B32QbbdDAyhvUQzjcaM5j6ZVKwjCxAwGH5Xgvb9SJqnC;https://x.com/kadenox
Coler;99xnE2zEFi8YhmKDaikc1EvH6ELTQJppnqUwMzmpLXrs;https://x.com/ColerCooks
iconXBT;2FbbtmK9MN3Zxkz3AnqoAGnRQNy2SVRaAazq2sFSbftM;https://x.com/iconXBT
LUKEY;DjM7Tu7whh6P3pGVBfDzwXAx2zaw51GJWrJE3PwtuN7s;https://x.com/VERYKOOLLUKEY
cryptovillain26;5sNnKuWKUtZkdC1eFNyqz3XHpNoCRQ1D1DfHcNHMV7gn;https://x.com/cryptovillain26
radiance;FAicXNV5FVqtfbpn4Zccs71XcfGeyxBSGbqLDyDJZjke;https://x.com/radiancebrr
Meechie;9iaawVBEsFG35PSwd4PahwT8fYNQe9XYuRdWm872dUqY